{"H": -3.2397366613800003, "He": -0.02546347, "Li": -1.90797265, "Be": -3.742610435, "B": -6.678526593333333, "C": -9.2242219825, "N": -7.952472187620001, "O": -4.93552791875, "F": -1.42055013381, "Ne": -0.02593697, "Na": -1.312591535, "Mg": -1.60433496, "Al": -3.74810318, "Si": -5.42536649, "P": -5.4051814319047615, "S": -4.1278785359375, "Cl": -1.25385097674, "Ar": -0.0687921, "K": -1.10593575, "Ca": -2.02181906, "Sc": -6.33519936, "Ti": -7.897127353333333, "V": -9.0866256, "Cr": -9.63670386, "Mn": -9.159249260000001, "Fe": -8.45983087, "Co": -7.10999434, "Ni": -5.78107405, "Cu": -4.09929227, "Zn": -1.272826825, "Ga": -3.03723344, "Ge": -4.622746205, "As": -4.658070555, "Se": -3.48949941140625, "Br": -1.62901478, "Kr": -0.05613807, "Rb": -0.96889851, "Sr": -1.68596503, "Y": -6.4617329475, "Zr": -8.54752196, "Nb": -10.194642027857142, "Mo": -10.86234306, "Tc": -10.35847686, "Ru": -9.276352585, "Rh": -7.35700461, "Pd": -5.18261814, "Ag": -2.83173514, "Cd": -0.914734355, "In": -2.72488125, "Sn": -4.009397445, "Sb": -4.127761275, "Te": -3.14241513, "I": -1.51905924, "Xe": -0.03575085, "Cs": -0.86042762, "Ba": -1.92459366, "La": -4.94788566, "Ce": -5.93432323, "Pr": -4.78410449, "Nd": -4.7650955725, "Pm": -4.7464623925, "Sm": -4.7163491075, "Eu": -10.292631755, "Gd": -14.09632375, "Tb": -4.629697466666666, "Dy": -4.599867223333333, "Ho": -4.578061785, "Er": -4.567411195, "Tm": -4.47817827, "Yb": -1.52883786, "Lu": -4.52586882, "Hf": -9.954265395, "Ta": -11.85554519, "W": -12.95962612, "Re": -12.443729095, "Os": -11.219782735, "Ir": -8.86382689, "Pt": -6.0568289, "Au": -3.27381448, "Hg": -0.30369045, "Tl": -2.367207755, "Pb": -3.71506024, "Bi": -3.898244935, "Po": 100, "At": 100, "Rn": 100, "Fr": 100, "Ra": 100, "Ac": -4.1057071225, "Th": -7.41110202, "Pa": -9.51729469, "U": -11.30030361, "Np": -12.94085569125, "Pu": -14.331771153125}